id_question,category,question,annotated_answer
T_f1,Transparency,Does the policy clearly outline data collection practices?,"Yes, the policy clearly outlines data collection practices, explaining that data is collected related to user activities and data provided upon registration (e.g., account information), as well as certain data from the user's device such as the type and version of their browser, their device type, and their network information. (Part 1)"
T_f2,Transparency,What is the company’s stance on government requests for user data?,"Twitter preserves, uses, shares, or discloses user information if it is reasonably necessary to comply with a law, regulation, legal process, or governmental request. This might be done to ensure the safety of individuals or the platform, to explain the removal of content or accounts for rule violations, to address fraud, security, or technical issues, or to protect the rights or property of Twitter, its users, or the public. (Part 3)"
T_f3,Transparency,How does the privacy policy address potential conflicts of interest in data usage or sharing?,"The policy addresses potential conflicts of interest in data usage or sharing by stating that Twitter may share information among its affiliates to provide its products and services. They also assert that any data use or sharing is covered by their Privacy Policy, which details how and when user data is collected, used, and shared. If any additional privacy terms are specific to a service, users are informed through that service.  (Part 3)"
T_u1,Transparency,What sort of data is collected from me while using this?,"Twitter collects a wide range of data from its users, categorized into three main groups:

Information You Provide:

Personal Accounts: Necessary information for service provision such as display name, username, password, email address or phone number, date of birth, display language, and third-party single sign-in information. Optionally, location in profile and Tweets, and address book uploads.
Professional Accounts: Additional public details like professional category, street address, contact email, and phone number.
Payment Information: For paid products and services, details like credit/debit card numbers, expiration date, CVV code, and billing address.
Preferences: Your chosen settings and preferences within the app.
Information Collected When You Use Twitter:

Usage Information: Details of your activities on Twitter, such as Tweets, broadcast activities, interactions, lists, bookmarks, communities, Direct Messages, and communication contents.
Purchase and Payments Information: Transaction details related to Twitter's payment features.
Device Information: Data about the devices used, including connection info (IP address, browser type), device settings (operating system, language, apps installed), and optionally, your device address book.
Location Information: Approximate location data for relevant services and ads, with an option for precise location sharing.
Inferred Identity: Information inferred about your identity based on your usage patterns, devices, and provided information.
Log Information: Data collected when viewing or interacting with Twitter content, including IP address, browser details, device information, and interactions with ads and links.
Information Received from Third Parties:

Twitter also receives additional information about you from third-party sources.  (Part 1)"
UC_f1,User Control,Are users given control over their data and privacy settings?,"Yes, users are given control over their data and privacy settings. They can access, correct, or modify the information they provided to Twitter by editing their profile and adjusting account settings. Users can also download a copy of their information, such as their Tweets. Furthermore, users can manage their privacy settings and other account features. If they want to delete their information, they can deactivate their account.  (Part 3)  Part 2: ""You also have the ability to control your Twitter data and settings, including your ad settings, via your account settings, where you can also download the data we hold about you.""
"
UC_f2,User Control,Are there clear mechanisms for users to request data deletion or access?,"Yes, there are clear mechanisms for users to request data deletion or access. To delete their information, users can follow certain instructions to deactivate their account. To access, correct, or modify their information, users can edit their profile and adjust their account settings. They can also download a copy of their information, such as their Tweets.  (Part 3)"
UC_f3,User Control,How does the company manage consent and withdrawal of consent from users?,"Twitter allows users to manage their privacy settings and account features to withdraw their consent. This includes opting out of interest-based advertising. There might be some delay for the changes to be fully reflected throughout the systems, and it may impact the user's Twitter experience or their ability to access certain features.  (Part 3)"
UC_u1,User Control,Can i opt out of letting them collect data and still use the app?,Not mentioned explicitly in policy. Reference :N/A
DM_f1,Data Minimization and Purpose Limitation,Does the company minimize data retention periods?,"Twitter employs a data retention strategy that varies depending on the type of information. Profile information and content are retained for the duration of the account. Other personally identifiable data is kept for a maximum of 18 months. However, in instances where there are rule violations resulting in account suspension, identifiers used to create the account may be retained indefinitely. This is done to prevent repeat policy offenders from creating new accounts. Additionally, certain information might be kept for longer periods than stated in their policies to comply with legal requirements and for reasons related to safety and security.  (Part 3)"
DM_f2,Data Minimization and Purpose Limitation,How is user data anonymized or aggregated to protect individual privacy?,Not mentioned explicitly in policy. Reference :N/A
DM_f3,Data Minimization and Purpose Limitation,Are there any restrictions on data processing for specific purposes or contexts?,"The policy states that Twitter has legal bases for how it uses user information. They have considered the legal reasons for which they are allowed to collect, use, share, and otherwise process user data. However, the text does not go into specific detail about what those bases are or the restrictions on data processing for specific purposes or contexts.  (Part 3)"
DM_u1,Data Minimization and Purpose Limitation,How long is my data stored?,"The company maintains different types of information for varying periods of time. They keep profile information and content for the duration of the account and other personally identifiable data for a maximum of 18 months. In cases of rule violations leading to account suspension, they may keep identifiers used to create the account indefinitely to prevent repeat policy offenders from creating new accounts. They may keep certain information longer than their policies specify in order to comply with legal requirements and for safety and security reasons.  (Part 3)"
SE_f1,Security and Encryption,Are user communications encrypted end-to-end?,Not mentioned explicitly in policy. Reference :N/A
SE_f2,Security and Encryption,What measures are in place to prevent unauthorized access to user data?,Twitter verifies user identity before granting access to personal information to protect privacy and maintain security.  (Part 3)
SE_f3,Security and Encryption,How are data breaches or security incidents handled and communicated to users?,Not mentioned explicitly in policy. Reference :N/A
SE_u1,Security and Encryption,How well secured is my private information?,Not mentioned explicitly in policy. Reference :N/A
PD_f1,Privacy by Design and Innovation,Does the company conduct privacy impact assessments?,Not mentioned explicitly in policy. Reference :N/A
PD_f2,Privacy by Design and Innovation,"Are there privacy-enhancing technologies implemented, such as differential privacy?",Not mentioned explicitly in policy. Reference :N/A
PD_f3,Privacy by Design and Innovation,"Does the company use automated decision-making or profiling, and if so, how does it impact user privacy?",Not mentioned explicitly in policy. Reference :N/A
PD_u1,Privacy by Design and Innovation,What sort of analytics will my data be subjected to?,"Twitter will be subjected to analytics for the following purposes:

Safety and Security: The information collected is used to ensure the safety and security of users, products, services, and your account. This includes verifying your identity, authenticating your account, and defending against fraud, unauthorized use, and illegal activities.

Content Quality and Policy Enforcement: Analytics are utilized to evaluate and influence the safety and quality of content on Twitter. This involves investigating and enforcing Twitter’s policies and terms, as well as complying with applicable laws.

Service Improvement: The information is also used to measure, analyze, and enhance the overall functionality and user experience of Twitter’s services.  (Part 2)"
RC_f1,Responsiveness and Communication,Is the privacy policy regularly updated and communicated to users?,"Yes, Twitter's privacy policy is regularly updated and communicated to users. According to the policy, Twitter reserves the right to revise the policy as needed, and when changes occur, Twitter ensures to provide notice to the users and offers an opportunity to review the revised policy before users continue to use the service.   (Part 3)"
RC_f2,Responsiveness and Communication,Is there a process in place to address user privacy complaints?,"Yes, Twitter has a process in place to address user privacy complaints. Users can contact Twitter via their Privacy Policy Inquiries page, write to them at an appropriate address, or confidentially contact Twitter's Data Protection Officer through their Data Protection Inquiry Form. If the user wishes to raise a concern about Twitter's data processing practices, they have the right to do so with their local supervisory authority or Twitter International Unlimited Company's lead supervisory authority, the Irish Data Protection Commission.  (Part 3)"
RC_f3,Responsiveness and Communication,"Does the company publish transparency reports detailing government data requests, surveillance, or law enforcement interactions?",Not mentioned explicitly in policy. Reference :N/A
RC_u1,Responsiveness and Communication,Has there ever been a security breach?,Not mentioned explicitly in policy. Reference :N/A
AEE_f1,"Accessibility, User Education and Empowerment",Are employees trained on data privacy best practices and handling sensitive information?,Not mentioned explicitly in policy. Reference :N/A
AEE_f2,"Accessibility, User Education and Empowerment",How are user data privacy preferences managed across different devices or platforms?,Not mentioned explicitly in policy. Reference :N/A
AEE_f3,"Accessibility, User Education and Empowerment","Does the company offer user-friendly resources, such as tutorials or guides, to help users effectively manage their privacy settings and understand their data rights?",Not mentioned explicitly in policy. Reference :N/A
AEE_u1,"Accessibility, User Education and Empowerment",Does it share any data with a third party?,"Yes twitter shares data with third  parties . We also use data centers and cloud providers and engage our affiliates and third-party partners and service providers located in many parts of the world to help us provide our services. Before we move data between countries we look at the risks that may be presented to the data and rely on things like standard contractual clauses, where applicable, to ensure your data rights are protected. If data will be shared with a third party, we require them to maintain the same protections over your data that we provide directly. Part 3"
CA_f1,Compliance and Accountability,Does the policy comply with applicable privacy laws and regulations?,"Twitter takes measures such as evaluating risks and using standard contractual clauses to protect data rights when moving data between countries and when sharing data with third parties. This could imply that they are making efforts to comply with privacy laws and regulations, but it doesn't directly state that they are in full compliance with all applicable privacy laws and regulations. (P3)"
CA_f2,Compliance and Accountability,What steps are taken to ensure data processors and subprocessors adhere to privacy requirements?,"Twitter takes steps to ensure data processors and subprocessors adhere to privacy requirements by examining the risks presented to the data before it is moved between countries. They rely on measures such as standard contractual clauses to guarantee the protection of data rights. Furthermore, if data is to be shared with a third party, Twitter mandates these entities to uphold the same protections over user data as Twitter itself does.  (Part 3)"
CA_f3,Compliance and Accountability,"Does the company have a process in place for reporting and addressing privacy violations or non-compliance issues, both internally and with third-party vendors?",Not mentioned explicitly in policy. Reference :N/A
CA_u1,Compliance and Accountability,Do I have any rights as far as whether I want my account info deleted?,"Yes twitter allows for data deletion by saying You can access it, delete it, or change your settings. Basically, you are the boss.  (Part 3)"